{
  "users": [
    {
      "id": "1",
      "username": "demo",
      "password": "demo123",
      "email": "demo@example.com"
    },
    {
      "id": "e528",
      "username": "111",
      "email": "1111111111111@qq.com",
      "password": "111111"
    },
    {
      "id": "8629",
      "username": "1111",
      "email": "11111111@qq.com",
      "password": "111111"
    }
  ],
  "products": [
    {
      "id": "1",
      "name": "iPhone 14 Pro",
      "price": 7999,
      "description": "最新款iPhone，搭载 A16 仿生芯片",
      "category": "phones",
      "image": "https://gimg3.baidu.com/topone/src=https%3A%2F%2Fbkimg.cdn.bcebos.com%2Fsmart%2Faa64034f78f0f736afc3d0213f00a419ebc4b745b5cc-bkimg-process%2Cv_1%2Crw_1%2Crh_1%2Cmaxl_800%2Cpad_1%3Fx-bce-process%3Dimage%2Fresize%2Cm_pad%2Cw_348%2Ch_348%2Ccolor_ffffff&refer=http%3A%2F%2Fwww.baidu.com&app=2011&size=f200,200&n=0&g=0n&er=404&q=75&fmt=auto&maxorilen2heic=2000000?sec=1750352400&t=430d726fdaa08dcb8df2a52173331716",
      "stock": 100
    },
    {
      "id": "2",
      "name": "MacBook Air",
      "price": 9999,
      "description": "搭载 M2 芯片的轻薄笔记本",
      "category": "laptops",
      "image": "https://t8.baidu.com/it/u=597672184,81022798&fm=217&app=126&size=re3,2&q=75&n=0&g=4n&f=PNG&fmt=auto&maxorilen2heic=2000000?s=FAA5894439C830C2D69E910D030070CB",
      "stock": 50
    },
    {
      "id": "3",
      "name": "AirPods Pro",
      "price": 1999,
      "description": "主动降噪无线耳机",
      "category": "accessories",
      "image": "https://gimg3.baidu.com/topone/src=https%3A%2F%2Fbkimg.cdn.bcebos.com%2Fsmart%2Fe4dde71190ef76c6a7ef4a48734eeafaaf51f3dec905-bkimg-process%2Cv_1%2Crw_1%2Crh_1%2Cmaxl_800%2Cpad_1%3Fx-bce-process%3Dimage%2Fresize%2Cm_pad%2Cw_348%2Ch_348%2Ccolor_ffffff&refer=http%3A%2F%2Fwww.baidu.com&app=2011&size=f200,200&n=0&g=0n&er=404&q=75&fmt=auto&maxorilen2heic=2000000?sec=1750352400&t=2f3f2f389494cc790ea670675bbf32ce",
      "stock": 200
    },
    {
      "id": "4",
      "name": "iPad Pro 12.9",
      "price": 8499,
      "description": "搭载 M2 芯片，配备 Liquid Retina XDR 显示屏",
      "category": "tablets",
      "image": "https://gimg3.baidu.com/topone/src=https%3A%2F%2Fbkimg.cdn.bcebos.com%2Fsmart%2Ff9dcd100baa1cd11728b1e39ea5ddffcc3cec3fd87d1-bkimg-process%2Cv_1%2Crw_1%2Crh_1%2Cmaxl_800%2Cpad_1%3Fx-bce-process%3Dimage%2Fresize%2Cm_pad%2Cw_348%2Ch_348%2Ccolor_ffffff&refer=http%3A%2F%2Fwww.baidu.com&app=2011&size=f200,200&n=0&g=0n&er=404&q=75&fmt=auto&maxorilen2heic=2000000?sec=1750352400&t=28bfbd76ff36c211140c9cc592357972",
      "stock": 80
    },
    {
      "id": "5",
      "name": "Samsung Galaxy Tab S9",
      "price": 6999,
      "description": "三星最新旗舰平板，支持 S Pen 手写笔",
      "category": "tablets",
      "image": "https://paimgcdn.baidu.com/7C6AB158D61AD72E?src=http%3A%2F%2Fms.bdimg.com%2Fdsp-image%2F15244161508.jpg&rz=urar_2_968_600&v=0",
      "stock": 60
    },
    {
      "id": "6",
      "name": "Sony Alpha A7M4",
      "price": 15999,
      "description": "全画幅微单相机，3300万像素",
      "category": "cameras",
      "image": "https://t7.baidu.com/it/u=2334280316,4158806984&fm=3035&app=3035&size=re3,2&q=75&n=0&g=4n&f=JPEG&fmt=auto&maxorilen2heic=2000000?s=CDF28B45854B33470E40B906010080C1",
      "stock": 30
    },
    {
      "id": "7",
      "name": "GoPro HERO11",
      "price": 3699,
      "description": "4K超高清运动相机，超强防抖",
      "category": "cameras",
      "image": "https://t7.baidu.com/it/u=1078277793,1444465381&fm=217&app=126&size=re3,2&q=75&n=0&g=4n&f=JPEG&fmt=auto&maxorilen2heic=2000000?s=12F0E8220796BB8E7EE921060100E0E2",
      "stock": 100
    },
    {
      "id": "8",
      "name": "Apple Watch Series 8",
      "price": 3999,
      "description": "先进健康监测，全天候视网膜显示屏",
      "category": "wearables",
      "image": "https://gimg3.baidu.com/topone/src=https%3A%2F%2Fbkimg.cdn.bcebos.com%2Fsmart%2Fbd315c6034a85edf8db1aa396a011e23dd54564edfd6-bkimg-process%2Cv_1%2Crw_1%2Crh_1%2Cmaxl_800%2Cpad_1%3Fx-bce-process%3Dimage%2Fresize%2Cm_pad%2Cw_348%2Ch_348%2Ccolor_ffffff&refer=http%3A%2F%2Fwww.baidu.com&app=2011&size=w931&n=0&g=0n&er=404&q=75&fmt=auto&maxorilen2heic=2000000?sec=1750352400&t=896c9a4d7cf453cf064fb834c15b67aa",
      "stock": 150
    },
    {
      "id": "9",
      "name": "Huawei Watch GT4",
      "price": 2099,
      "description": "14天超长续航，全面健康监测",
      "category": "wearables",
      "image": "https://b0.bdstatic.com/a5e59afd453e1628ac9e33582215560d.jpeg@h_1280",
      "stock": 120
    },
    {
      "id": "10",
      "name": "Nintendo Switch OLED",
      "price": 2499,
      "description": "7英寸OLED屏幕，支持掌机和主机模式",
      "category": "gaming",
      "image": "https://img0.baidu.com/it/u=1993756871,2527207553&fm=253&fmt=auto&app=120&f=JPEG?w=500&h=500",
      "stock": 80
    },
    {
      "id": "11",
      "name": "PlayStation 5",
      "price": 3899,
      "description": "次世代游戏主机，4K超高清游戏体验",
      "category": "gaming",
      "image": "https://gimg3.baidu.com/topone/src=https%3A%2F%2Fbkimg.cdn.bcebos.com%2Fsmart%2Fd043ad4bd11373f0820289a3a6555cfbfbedab64aecf-bkimg-process%2Cv_1%2Crw_1%2Crh_1%2Cmaxl_800%2Cpad_1%3Fx-bce-process%3Dimage%2Fresize%2Cm_pad%2Cw_348%2Ch_348%2Ccolor_ffffff&refer=http%3A%2F%2Fwww.baidu.com&app=2011&size=f200,200&n=0&g=0n&er=404&q=75&fmt=auto&maxorilen2heic=2000000?sec=1750352400&t=19027272d081b44ca9a79442093d41a6",
      "stock": 40
    },
    {
      "id": "12",
      "name": "小米14 Pro",
      "price": 4999,
      "description": "骁龙8 Gen 3，徕卡光学系统",
      "category": "phones",
      "image": "https://gimg3.baidu.com/topone/src=https%3A%2F%2Fbkimg.cdn.bcebos.com%2Fsmart%2F472309f790529822720e81474f936ccb0a46f31f7ea7-bkimg-process%2Cv_1%2Crw_1%2Crh_1%2Cmaxl_800%2Cpad_1%3Fx-bce-process%3Dimage%2Fresize%2Cm_pad%2Cw_348%2Ch_348%2Ccolor_ffffff&refer=http%3A%2F%2Fwww.baidu.com&app=2011&size=f200,200&n=0&g=0n&er=404&q=75&fmt=auto&maxorilen2heic=2000000?sec=1750352400&t=f7e01dbc59fa236f2c9b0d9b6e1e35e1",
      "stock": 150
    },
    {
      "id": "13",
      "name": "华为Mate 60 Pro",
      "price": 6999,
      "description": "昆仑玻璃，卫星通讯",
      "category": "phones",
      "image": "https://gimg3.baidu.com/topone/src=https%3A%2F%2Fbkimg.cdn.bcebos.com%2Fsmart%2F8326cffc1e178a82b9010a7d5f54648da977381242ec-bkimg-process%2Cv_1%2Crw_1%2Crh_1%2Cmaxl_800%2Cpad_1%3Fx-bce-process%3Dimage%2Fresize%2Cm_pad%2Cw_348%2Ch_348%2Ccolor_ffffff&refer=http%3A%2F%2Fwww.baidu.com&app=2011&size=f200,200&n=0&g=0n&er=404&q=75&fmt=auto&maxorilen2heic=2000000?sec=1750352400&t=a52e75d88fd6507a8a1236606614fd70",
      "stock": 100
    },
    {
      "id": "14",
      "name": "戴尔 XPS 15",
      "price": 12999,
      "description": "15.6英寸4K OLED触控屏，RTX 4070显卡",
      "category": "laptops",
      "image": "https://t8.baidu.com/it/u=3898291865,4052630911&fm=217&app=126&size=re3,2&q=75&n=0&g=4n&f=PNG&fmt=auto&maxorilen2heic=2000000?s=53C0B00B3A38A3C65E3D1E960300F0A1",
      "stock": 40
    },
    {
      "id": "15",
      "name": "ROG枪神7",
      "price": 15999,
      "description": "AMD R9 7945HX, RTX4090显卡，240Hz屏幕",
      "category": "laptops",
      "image": "https://t9.baidu.com/it/u=595041496,3753265848&fm=3035&app=3035&size=f242,162&n=0&g=0n&f=JPEG?s=2AE9F106CE73A24D50621F9B0300D08C&sec=1750343906&t=0a17e1da3f14b1027d27404497022f2e",
      "stock": 30
    },
    {
      "id": "16",
      "name": "DJI Mini 4 Pro",
      "price": 4499,
      "description": "超轻便可折叠航拍无人机，4K超清相机",
      "category": "cameras",
      "image": "https://t7.baidu.com/it/u=4249717807,3989083114&fm=217&app=125&size=re3,2&q=75&n=0&g=4n&f=PNG&fmt=auto&maxorilen2heic=2000000?s=2BE8722228232A8659B05C81010080C1",
      "stock": 60
    }
  ],
  "categories": [
    {
      "id": "1",
      "name": "phones",
      "label": "手机"
    },
    {
      "id": "2",
      "name": "laptops",
      "label": "笔记本"
    },
    {
      "id": "3",
      "name": "accessories",
      "label": "配件"
    },
    {
      "id": "4",
      "name": "tablets",
      "label": "平板电脑"
    },
    {
      "id": "5",
      "name": "cameras",
      "label": "相机摄像"
    },
    {
      "id": "6",
      "name": "wearables",
      "label": "智能穿戴"
    },
    {
      "id": "7",
      "name": "gaming",
      "label": "游戏设备"
    }
  ],
  "cart": [],
  "orders": [
    {
      "id": "1",
      "userId": "1",
      "items": [
        {
          "id": "1",
          "productId": "1",
          "name": "iPhone 14 Pro",
          "price": 7999,
          "quantity": 1,
          "image": "https://gimg3.baidu.com/topone/src=https%3A%2F%2Fbkimg.cdn.bcebos.com%2Fsmart%2Faa64034f78f0f736afc3d0213f00a419ebc4b745b5cc-bkimg-process%2Cv_1%2Crw_1%2Crh_1%2Cmaxl_800%2Cpad_1%3Fx-bce-process%3Dimage%2Fresize%2Cm_pad%2Cw_348%2Ch_348%2Ccolor_ffffff&refer=http%3A%2F%2Fwww.baidu.com&app=2011&size=f200,200&n=0&g=0n&er=404&q=75&fmt=auto&maxorilen2heic=2000000?sec=1750352400&t=430d726fdaa08dcb8df2a52173331716"
        }
      ],
      "totalAmount": 7999,
      "shippingFee": 0,
      "delivery": {
        "name": "张三",
        "phone": "13800138000",
        "address": "北京市朝阳区xxx街道"
      },
      "paymentMethod": "alipay",
      "status": "pending",
      "createTime": "2025-06-18T10:00:00.000Z"
    },
    {
      "id": "ab59",
      "items": [
        {
          "id": "46b1",
          "productId": "1",
          "quantity": 1,
          "name": "iPhone 14 Pro",
          "price": 7999,
          "image": "https://gimg3.baidu.com/topone/src=https%3A%2F%2Fbkimg.cdn.bcebos.com%2Fsmart%2Faa64034f78f0f736afc3d0213f00a419ebc4b745b5cc-bkimg-process%2Cv_1%2Crw_1%2Crh_1%2Cmaxl_800%2Cpad_1%3Fx-bce-process%3Dimage%2Fresize%2Cm_pad%2Cw_348%2Ch_348%2Ccolor_ffffff&refer=http%3A%2F%2Fwww.baidu.com&app=2011&size=f200,200&n=0&g=0n&er=404&q=75&fmt=auto&maxorilen2heic=2000000?sec=1750352400&t=430d726fdaa08dcb8df2a52173331716",
          "stock": 100
        }
      ],
      "total": "NaN",
      "delivery": {
        "name": "张三",
        "phone": "1111111111",
        "address": "11111111111"
      },
      "paymentMethod": "alipay",
      "status": "paid",
      "createTime": "2025-06-18T01:09:26.240Z",
      "payTime": "2025-06-18T01:09:55.618Z"
    },
    {
      "id": "a73c",
      "items": [
        {
          "id": "4fab",
          "productId": "3",
          "quantity": 1,
          "name": "AirPods Pro",
          "price": 1999,
          "image": "https://gimg3.baidu.com/topone/src=https%3A%2F%2Fbkimg.cdn.bcebos.com%2Fsmart%2Fe4dde71190ef76c6a7ef4a48734eeafaaf51f3dec905-bkimg-process%2Cv_1%2Crw_1%2Crh_1%2Cmaxl_800%2Cpad_1%3Fx-bce-process%3Dimage%2Fresize%2Cm_pad%2Cw_348%2Ch_348%2Ccolor_ffffff&refer=http%3A%2F%2Fwww.baidu.com&app=2011&size=f200,200&n=0&g=0n&er=404&q=75&fmt=auto&maxorilen2heic=2000000?sec=1750352400&t=2f3f2f389494cc790ea670675bbf32ce",
          "stock": 200
        }
      ],
      "total": "NaN",
      "delivery": {
        "name": "2222",
        "phone": "222222222",
        "address": "222222222"
      },
      "paymentMethod": "wechat",
      "status": "paid",
      "createTime": "2025-06-18T01:15:43.143Z",
      "payTime": "2025-06-18T01:16:00.454Z"
    },
    {
      "id": "c6d9",
      "items": [
        {
          "id": "facd",
          "productId": "1",
          "name": "iPhone 14 Pro",
          "price": 7999,
          "image": "https://gimg3.baidu.com/topone/src=https%3A%2F%2Fbkimg.cdn.bcebos.com%2Fsmart%2Faa64034f78f0f736afc3d0213f00a419ebc4b745b5cc-bkimg-process%2Cv_1%2Crw_1%2Crh_1%2Cmaxl_800%2Cpad_1%3Fx-bce-process%3Dimage%2Fresize%2Cm_pad%2Cw_348%2Ch_348%2Ccolor_ffffff&refer=http%3A%2F%2Fwww.baidu.com&app=2011&size=f200,200&n=0&g=0n&er=404&q=75&fmt=auto&maxorilen2heic=2000000?sec=1750352400&t=430d726fdaa08dcb8df2a52173331716",
          "quantity": 1,
          "stock": 100
        },
        {
          "id": "5035",
          "productId": "6",
          "name": "Sony Alpha A7M4",
          "price": 15999,
          "image": "https://t7.baidu.com/it/u=2334280316,4158806984&fm=3035&app=3035&size=re3,2&q=75&n=0&g=4n&f=JPEG&fmt=auto&maxorilen2heic=2000000?s=CDF28B45854B33470E40B906010080C1",
          "quantity": 1,
          "stock": 30
        }
      ],
      "subtotal": 23998,
      "deliveryFee": 0,
      "total": 23998,
      "delivery": {
        "name": "张锴东",
        "phone": "13609443974",
        "address": "******************"
      },
      "paymentMethod": "alipay",
      "status": "cancelled",
      "createTime": "2025-06-18T14:52:50.507Z",
      "cancelTime": "2025-06-18T14:54:24.448Z"
    },
    {
      "id": "02c2",
      "items": [
        {
          "id": "8d32",
          "productId": "1",
          "quantity": 1,
          "name": "iPhone 14 Pro",
          "price": 7999,
          "image": "https://gimg3.baidu.com/topone/src=https%3A%2F%2Fbkimg.cdn.bcebos.com%2Fsmart%2Faa64034f78f0f736afc3d0213f00a419ebc4b745b5cc-bkimg-process%2Cv_1%2Crw_1%2Crh_1%2Cmaxl_800%2Cpad_1%3Fx-bce-process%3Dimage%2Fresize%2Cm_pad%2Cw_348%2Ch_348%2Ccolor_ffffff&refer=http%3A%2F%2Fwww.baidu.com&app=2011&size=f200,200&n=0&g=0n&er=404&q=75&fmt=auto&maxorilen2heic=2000000?sec=1750352400&t=430d726fdaa08dcb8df2a52173331716",
          "stock": 100
        }
      ],
      "subtotal": 7999,
      "deliveryFee": 0,
      "total": 7999,
      "delivery": {
        "name": "李梓青",
        "phone": "7965465132",
        "address": "*************"
      },
      "paymentMethod": "alipay",
      "status": "paid",
      "createTime": "2025-06-19T00:58:22.624Z",
      "payTime": "2025-06-19T00:58:28.027Z"
    },
    {
      "id": "cb3b",
      "items": [
        {
          "id": "d37d",
          "productId": "10",
          "name": "Nintendo Switch OLED",
          "price": 2499,
          "image": "https://img0.baidu.com/it/u=1993756871,2527207553&fm=253&fmt=auto&app=120&f=JPEG?w=500&h=500",
          "quantity": 1,
          "stock": 80
        }
      ],
      "subtotal": 2499,
      "deliveryFee": 0,
      "total": 2499,
      "delivery": {
        "name": "2555",
        "phone": "435242423423",
        "address": "****************"
      },
      "paymentMethod": "alipay",
      "status": "paid",
      "createTime": "2025-06-19T01:52:14.620Z",
      "payTime": "2025-06-19T01:53:19.071Z"
    },
    {
      "id": "684a",
      "items": [
        {
          "id": "1806",
          "productId": "1",
          "name": "iPhone 14 Pro",
          "price": 7999,
          "image": "https://gimg3.baidu.com/topone/src=https%3A%2F%2Fbkimg.cdn.bcebos.com%2Fsmart%2Faa64034f78f0f736afc3d0213f00a419ebc4b745b5cc-bkimg-process%2Cv_1%2Crw_1%2Crh_1%2Cmaxl_800%2Cpad_1%3Fx-bce-process%3Dimage%2Fresize%2Cm_pad%2Cw_348%2Ch_348%2Ccolor_ffffff&refer=http%3A%2F%2Fwww.baidu.com&app=2011&size=f200,200&n=0&g=0n&er=404&q=75&fmt=auto&maxorilen2heic=2000000?sec=1750352400&t=430d726fdaa08dcb8df2a52173331716",
          "quantity": 1,
          "stock": 100
        }
      ],
      "subtotal": 7999,
      "deliveryFee": 0,
      "total": 7999,
      "delivery": {
        "name": "33432342",
        "phone": "23423",
        "address": "23424"
      },
      "paymentMethod": "alipay",
      "status": "paid",
      "createTime": "2025-06-19T02:41:13.929Z",
      "payTime": "2025-06-19T02:41:17.215Z"
    }
  ]
}